{"cameraMode":{"drawMode":0,"name":"Shaded","section":"Shading Mode"},"sceneLighting":true,"audioPlay":false,"sceneViewState":{"m_AlwaysRefresh":false,"showFog":true,"showSkybox":true,"showFlares":true,"showImageEffects":true,"showParticleSystems":true,"showVisualEffectGraphs":true,"m_FxEnabled":true},"in2DMode":false,"pivot":{"x":0.015794608741998674,"y":0.27659767866134646,"z":0.33106911182403567},"rotation":{"x":0.0000684666374581866,"y":0.9730166792869568,"z":-0.23071123659610749,"w":0.0002924398286268115},"size":0.3122478127479553,"orthographic":false}